iterations,time,pi,accuracy
5000,0.0,0.31413926535917932383626433954807e1,3
10000,0.0,0.31414926535900432384595183833771e1,3
500000,6.0,0.31415906535897932404626433832468e1,5
5000000,71.0,0.31415924535897932384646433832671e1,6
50000000,715.2,0.31415926335897932384626453833051e1,7
